{"cameraMode":{"drawMode":0,"name":"Shaded","section":"Shading Mode"},"sceneLighting":true,"audioPlay":false,"sceneViewState":{"showFog":true,"showMaterialUpdate":false,"showSkybox":true,"showFlares":true,"showImageEffects":true,"showParticleSystems":true},"in2DMode":false,"pivot":{"x":0.1484803408384323,"y":0.2882722020149231,"z":1.5519535541534424},"rotation":{"x":-0.2857588827610016,"y":-0.009488389827311039,"z":0.002831354271620512,"w":-0.9582595825195313},"size":5.697324275970459,"orthographic":false}