{"cameraMode":{"drawMode":0,"name":"Shaded","section":"Shading Mode"},"sceneLighting":true,"audioPlay":false,"sceneViewState":{"showFog":true,"showMaterialUpdate":false,"showSkybox":true,"showFlares":true,"showImageEffects":true,"showParticleSystems":true},"in2DMode":false,"pivot":{"x":-1.7304610013961793,"y":-0.2010735273361206,"z":3.3352456092834474},"rotation":{"x":-0.10036689788103104,"y":0.7017973065376282,"z":-0.10091066360473633,"w":-0.6980194449424744},"size":6.592360019683838,"orthographic":false}