{"count":1,"gauges":{"My Behavior.CumulativeReward":{"count":2,"max":-1,"min":-1,"value":-1,"weightedAverage":-1}},"self":23.3180688,"total":23.368959999999998,"children":{"AgentSendState":{"count":1130,"self":0.019935599999999998,"total":0.022927899999999998,"children":{"CollectObservations":{"count":226,"self":0.0029923,"total":0.0029923,"children":null},"CollectDiscreteActionMasks":{"count":226,"self":0,"total":0,"children":null}}},"DecideAction":{"count":1130,"self":0.0049781999999999995,"total":0.0049781999999999995,"children":null},"AgentAct":{"count":1130,"self":0.0209916,"total":0.0209916,"children":null}}}