{"count":1,"gauges":{"RobotBrain.CumulativeReward":{"count":3255,"max":1,"min":-1,"value":-1,"weightedAverage":-0.9984143}},"self":321.6511232,"total":497.9515092,"children":{"AgentSendState":{"count":256851,"self":3.1809988,"total":4.4115705,"children":{"CollectObservations":{"count":25686,"self":0.2588061,"total":0.2588061,"children":null},"CollectDiscreteActionMasks":{"count":25686,"self":0.055490899999999996,"total":0.055490899999999996,"children":null},"AgentInfo.ToProto":{"count":25686,"self":0.3870613,"total":0.91627459999999994,"children":{"GenerateSensorData":{"count":25686,"self":0.5292133,"total":0.5292133,"children":null}}}}},"DecideAction":{"count":256851,"self":169.1696896,"total":169.1696941,"children":null},"AgentAct":{"count":256851,"self":2.6019,"total":2.7171184999999998,"children":{"AgentInfo.ToProto":{"count":3255,"self":0.0434123,"total":0.1152185,"children":{"GenerateSensorData":{"count":3255,"self":0.0718062,"total":0.0718062,"children":null}}}}}}}