{"count":1,"gauges":{"My Behavior.CumulativeReward":{"count":2816,"max":1,"min":-1,"value":-1,"weightedAverage":-0.9999999}},"self":106.5713344,"total":195.0631589,"children":{"AgentSendState":{"count":91467,"self":1.079674,"total":1.6863811,"children":{"CollectObservations":{"count":18294,"self":0.1171392,"total":0.1171392,"children":null},"CollectDiscreteActionMasks":{"count":18294,"self":0.024929399999999997,"total":0.024929399999999997,"children":null},"AgentInfo.ToProto":{"count":18294,"self":0.1952158,"total":0.46463849999999995,"children":{"GenerateSensorData":{"count":18294,"self":0.2694227,"total":0.2694227,"children":null}}}}},"DecideAction":{"count":91467,"self":85.9429696,"total":85.9429703,"children":null},"AgentAct":{"count":91467,"self":0.8106074,"total":0.8614742,"children":{"AgentInfo.ToProto":{"count":2816,"self":0.020950899999999998,"total":0.0508668,"children":{"GenerateSensorData":{"count":2816,"self":0.0299159,"total":0.0299159,"children":null}}}}}}}